step,status,return_code,note
verify_truth_table,ok,0,OK: 64/64 entries match golden S0.
check_sbox_properties,ok,0,"OK: permutation on 0..63
Differential uniformity max count = 2 (example a=0x01 b=0x02 count=2)"
regen_lut_verilog,ok,0,Wrote D:\Code_development\gitproduct\sbox_challenge2026\rtl\sb_lut_baseline.v (64 entries)
verify_after_regen,ok,0,OK: 64/64 entries match golden S0.
iverilog_sim,skip,127,iverilog/vvp not found on PATH
yosys_generic_synth,skip,127,yosys not found on PATH
nangate_map,skip,127,missing: yosys
nangate_sta,skip,127,missing: yosys
